Date,Time,Open,High,Low,Close,Volume
2024-07-19,19:45:00,302.2020,302.4700,302.0000,302.4400,12452
2024-07-19,19:30:00,301.9900,316.7500,295.0000,302.2200,40467
2024-07-19,19:15:00,301.5700,302.2000,301.5700,302.2000,8713
2024-07-19,19:00:00,302.2500,302.4000,301.5000,301.9300,10239
2024-07-19,18:45:00,302.1900,302.4600,302.0000,302.4000,7688
2024-07-19,18:30:00,302.5200,311.8900,290.1000,302.1900,43557
2024-07-19,18:15:00,302.8500,304.9600,302.1200,302.5900,18385
2024-07-19,18:00:00,303.5100,303.5100,302.6100,302.8480,13015
2024-07-19,17:45:00,303.0640,304.9600,303.0500,303.5100,12697
2024-07-19,17:30:00,303.7900,303.7900,302.0000,303.4500,22728
2024-07-19,17:15:00,304.0400,304.7800,303.4000,303.7900,21282
2024-07-19,17:00:00,304.4400,305.0000,293.0000,304.6700,45140
2024-07-19,16:45:00,305.0220,305.9500,304.0000,304.6900,21876
2024-07-19,16:30:00,305.5000,305.8900,304.6000,305.3100,24737
2024-07-19,16:15:00,306.4300,306.4300,304.9600,305.8000,26470
2024-07-19,16:00:00,305.0000,307.5700,294.9500,306.4300,736048
2024-07-19,15:45:00,304.2820,306.3080,303.5100,305.0000,1503645
2024-07-19,15:30:00,308.6200,309.2410,303.6600,304.3000,1483937
2024-07-19,15:15:00,302.4300,308.6500,302.1110,308.6500,1440419
2024-07-19,15:00:00,298.7740,302.5000,297.5000,302.3300,1329840
2024-07-19,14:45:00,301.5550,301.7700,298.4000,298.8700,1222678
2024-07-19,14:30:00,301.7050,302.3000,300.5000,301.5570,594976
2024-07-19,14:15:00,303.9800,304.4400,301.5500,301.7050,664713
2024-07-19,14:00:00,302.4100,304.3200,301.7600,303.9400,678717
2024-07-19,13:45:00,303.2110,303.7600,300.2200,302.2800,845125
2024-07-19,13:30:00,303.1500,304.4000,300.9600,303.2200,911676
2024-07-19,13:15:00,305.6400,305.8200,303.0000,303.3300,618708
2024-07-19,13:00:00,307.0350,308.4400,304.7900,305.5800,591895
2024-07-19,12:45:00,305.1300,307.3000,302.5900,307.0250,1022463
2024-07-19,12:30:00,307.6150,308.4900,303.3450,305.2100,1434287
2024-07-19,12:15:00,313.0600,313.1300,306.8200,307.6500,992782
2024-07-19,12:00:00,311.3500,313.8300,310.2900,313.0100,781270
2024-07-19,11:45:00,310.4600,312.8800,308.5000,311.4200,786291
2024-07-19,11:30:00,313.6000,313.6560,309.8000,310.3150,1011051
2024-07-19,11:15:00,313.4800,316.5000,313.2000,313.6000,809268
2024-07-19,11:00:00,312.7300,316.7500,312.6420,313.4800,1347960
2024-07-19,10:45:00,310.6790,314.7400,310.5000,312.7760,1433818
2024-07-19,10:30:00,307.5390,311.5900,298.5000,310.5900,1330561
2024-07-19,10:15:00,310.9590,313.6800,306.5000,307.8220,1701962
2024-07-19,10:00:00,310.7100,314.7500,308.2100,310.8330,1968160
2024-07-19,09:45:00,306.3300,314.2000,302.5000,310.7090,3737455
2024-07-19,09:30:00,294.5100,306.4700,290.1000,306.4300,5564205
2024-07-19,09:15:00,300.3500,301.9900,294.5200,294.7800,355860
2024-07-19,09:00:00,303.4800,303.7000,298.5000,300.9400,370019
2024-07-19,08:45:00,298.6400,343.0500,296.3600,303.3000,390708
2024-07-19,08:30:00,299.6100,300.5000,298.0000,298.7500,366744
2024-07-19,08:15:00,303.9600,304.0200,299.5000,299.6100,398711
2024-07-19,08:00:00,300.0000,345.0000,271.4400,303.9600,618940
2024-07-19,07:45:00,307.7400,308.2400,300.0000,303.6100,239128
2024-07-19,07:30:00,306.7700,308.6000,306.1000,307.6000,169939
2024-07-19,07:15:00,299.9000,309.7300,299.0000,306.7600,368414
2024-07-19,07:00:00,299.8900,305.8000,298.0000,299.7200,371854
2024-07-19,06:45:00,293.9200,303.0000,292.4200,299.8900,182516
2024-07-19,06:30:00,286.9000,298.3000,285.8700,293.9200,126297
2024-07-19,06:15:00,291.3100,297.3700,285.5000,286.7000,222256
2024-07-19,06:00:00,286.6100,295.5900,284.0000,291.2200,281026
2024-07-19,05:45:00,276.6900,288.0000,275.5600,286.5400,247850
2024-07-19,05:30:00,272.5300,278.0000,270.0000,276.6300,129249
2024-07-19,05:15:00,283.5000,285.0000,271.6100,272.9900,210179
2024-07-19,05:00:00,293.5000,293.6100,282.3400,283.7500,167871
2024-07-19,04:45:00,298.5000,299.0000,293.0600,293.5000,69379
2024-07-19,04:30:00,296.0000,303.0000,294.0100,298.4100,111036
2024-07-19,04:15:00,293.5000,299.9900,292.6000,295.9800,81201
2024-07-19,04:00:00,329.0000,329.0000,292.0000,293.6900,116667
2024-07-18,19:45:00,344.7900,345.4500,344.1000,345.0000,370
2024-07-18,19:30:00,345.0000,345.2000,344.2300,344.2300,184
2024-07-18,19:15:00,345.4170,345.4500,344.5000,344.8700,138
2024-07-18,19:00:00,344.7500,345.4170,344.5100,344.7500,247
2024-07-18,18:45:00,345.9500,346.0000,344.0100,344.2600,78
2024-07-18,18:30:00,345.0000,346.3500,344.5000,344.7500,475
2024-07-18,18:15:00,346.3500,346.3500,345.0000,345.0100,648
2024-07-18,18:00:00,345.0000,346.3500,345.0000,345.3400,186
2024-07-18,17:45:00,344.7100,346.3500,344.4400,345.3900,761
2024-07-18,17:30:00,346.5000,346.5000,344.4400,344.8900,241
2024-07-18,17:15:00,343.9100,344.8600,343.0500,344.8600,864
2024-07-18,17:00:00,344.9000,344.9000,343.0500,343.0500,3348
2024-07-18,16:45:00,344.0000,344.9000,343.1100,344.0600,848
2024-07-18,16:30:00,343.4900,343.7000,343.0000,343.7000,1428
2024-07-18,16:15:00,343.0500,343.5000,342.5000,343.3800,2053
2024-07-18,16:00:00,342.8900,344.1000,337.5000,343.0000,518646
2024-07-18,15:45:00,342.0900,344.1000,341.6100,342.8900,414430
2024-07-18,15:30:00,338.9000,342.2500,338.9000,342.0510,162195
2024-07-18,15:15:00,338.4200,339.1000,337.8800,338.9020,109873
2024-07-18,15:00:00,340.1600,340.5200,337.5500,338.3200,96929
2024-07-18,14:45:00,340.0670,340.6500,339.9500,340.0800,69886
2024-07-18,14:30:00,340.5300,340.5400,339.7200,340.2500,84595
2024-07-18,14:15:00,340.1200,350.0000,339.8000,340.4200,64342
2024-07-18,14:00:00,339.4800,340.4000,338.6600,339.8700,72871
2024-07-18,13:45:00,338.9100,340.3000,338.8300,339.3800,132014
2024-07-18,13:30:00,339.3600,340.0200,338.5100,338.8200,94375
2024-07-18,13:15:00,339.3000,340.0600,338.9700,339.2300,91131
2024-07-18,13:00:00,339.9950,340.5700,338.0500,339.2200,120847
2024-07-18,12:45:00,338.7500,340.3400,338.3900,339.9800,96879
2024-07-18,12:30:00,338.8400,340.2800,338.3000,338.7360,167515
2024-07-18,12:15:00,336.9300,338.9500,336.4400,338.7200,256705
2024-07-18,12:00:00,337.8100,338.0500,336.5400,337.0400,165245
2024-07-18,11:45:00,339.0200,339.6850,336.3400,337.9400,210654
2024-07-18,11:30:00,340.5800,340.8000,338.6580,339.0600,199683
2024-07-18,11:15:00,341.9100,342.3710,340.2000,340.7550,127691
2024-07-18,11:00:00,344.8850,346.0500,341.5100,341.7000,137984
2024-07-18,10:45:00,341.8600,345.9200,341.0800,345.0600,205061
2024-07-18,10:30:00,344.4600,344.6550,341.1800,341.6900,228649
2024-07-18,10:15:00,347.1600,348.4240,344.4100,344.5000,187880
2024-07-18,10:00:00,348.2300,349.3100,346.7000,347.0200,143291
2024-07-18,09:45:00,348.6200,350.1900,347.3100,348.4600,176417
2024-07-18,09:30:00,351.7400,352.2000,346.2100,348.8900,376912
2024-07-18,09:15:00,351.4100,352.7000,350.7200,352.2500,4802
2024-07-18,09:00:00,350.0000,352.0000,350.0000,351.7600,8637
2024-07-18,08:45:00,349.2700,360.0900,349.1700,350.4900,4346
2024-07-18,08:30:00,349.5800,350.5930,349.1300,349.5000,8309
2024-07-18,08:15:00,349.0100,354.0530,349.0000,349.5600,1092
2024-07-18,08:00:00,347.9500,357.0300,345.1130,349.5000,11207
2024-07-18,07:45:00,349.4900,349.6800,348.7000,349.1100,3172
2024-07-18,07:30:00,348.4800,349.7000,348.4600,349.4900,2931
2024-07-18,07:15:00,347.9300,348.5000,347.5600,348.3800,1829
2024-07-18,07:00:00,347.7500,347.9500,347.0100,347.7500,3973
2024-07-18,06:45:00,347.1800,348.0000,347.0100,347.1500,1882
2024-07-18,06:30:00,347.0700,347.7400,347.0500,347.7100,308
2024-07-18,06:15:00,346.7400,347.8000,346.1800,347.0000,89
2024-07-18,06:00:00,347.2600,347.5800,346.3100,346.3100,1324
2024-07-18,05:45:00,348.6900,348.6900,347.0000,347.2100,1455
2024-07-18,05:30:00,348.7000,348.9000,347.8700,348.6900,615
2024-07-18,05:15:00,348.4400,348.9000,348.0200,348.8600,363
2024-07-18,05:00:00,348.1000,348.5000,346.0000,348.3000,1837
2024-07-18,04:45:00,348.6000,349.0100,347.5000,348.0000,630
2024-07-18,04:30:00,348.8700,349.0500,348.1100,349.0500,302
2024-07-18,04:15:00,350.0100,350.4500,348.0000,348.8800,3031
2024-07-18,04:00:00,353.3500,353.3500,349.5000,350.6900,1862
2024-07-17,19:45:00,356.3600,357.0000,356.0000,356.0000,420
2024-07-17,19:30:00,356.4900,357.0000,356.0000,356.9750,398
2024-07-17,19:15:00,356.4200,357.0000,356.0600,356.3400,106
2024-07-17,19:00:00,356.1100,357.0000,356.0000,356.4900,189
2024-07-17,18:45:00,356.0000,357.0000,355.0630,356.0300,388
2024-07-17,18:30:00,356.0300,357.6000,355.6000,356.0000,439
2024-07-17,18:15:00,356.3000,357.2500,355.0000,356.1000,355
2024-07-17,18:00:00,356.5000,357.0000,356.1000,356.5000,343
2024-07-17,17:45:00,356.3000,358.0600,356.0100,356.5000,440
2024-07-17,17:30:00,356.0500,358.0600,355.7590,358.0600,504
2024-07-17,17:15:00,356.6900,360.0200,355.6030,356.6500,2439
2024-07-17,17:00:00,356.9900,360.0200,355.5300,357.0000,1279
2024-07-17,16:45:00,356.2900,360.0200,354.9400,357.0000,20222
2024-07-17,16:30:00,355.7800,357.7700,354.9400,356.2000,19407
2024-07-17,16:15:00,354.9400,356.2000,354.9400,355.3000,369
2024-07-17,16:00:00,354.8400,358.0700,354.0000,357.9700,947775
2024-07-17,15:45:00,357.1100,357.5500,354.7800,354.8400,320395
2024-07-17,15:30:00,357.7500,358.0700,356.6400,356.9450,92620
2024-07-17,15:15:00,356.3500,357.8800,356.3500,357.6400,62621
2024-07-17,15:00:00,356.4800,357.1350,355.6700,356.5000,69058
2024-07-17,14:45:00,356.9100,357.0900,355.8600,356.5800,49688
2024-07-17,14:30:00,356.8380,357.6800,356.4500,356.9250,43881
2024-07-17,14:15:00,355.4000,357.5200,355.4000,356.7700,56350
2024-07-17,14:00:00,355.1250,355.8450,354.0000,355.4000,50144
2024-07-17,13:45:00,355.2800,355.8000,354.7400,354.9000,63096
2024-07-17,13:30:00,354.1800,355.4900,353.9000,355.4800,84038
2024-07-17,13:15:00,353.3600,354.5500,353.3000,354.3300,61867
2024-07-17,13:00:00,352.7800,354.1500,352.6300,353.2300,72765
2024-07-17,12:45:00,351.1000,353.1000,350.7200,352.9500,115676
2024-07-17,12:30:00,352.7650,353.7100,350.8500,350.9700,135414
2024-07-17,12:15:00,353.9000,354.6700,351.6100,352.7200,132744
2024-07-17,12:00:00,356.3950,356.8700,353.3600,353.8200,116933
2024-07-17,11:45:00,357.2200,357.6800,355.5000,356.3950,179384
2024-07-17,11:30:00,359.6500,359.8100,357.2700,357.2800,61392
2024-07-17,11:15:00,358.6900,359.5400,358.3300,359.3700,54744
2024-07-17,11:00:00,357.8550,358.6300,356.8200,358.4550,64134
2024-07-17,10:45:00,358.6900,359.2600,357.0500,358.0400,65814
2024-07-17,10:30:00,356.6700,359.1600,356.6700,358.7400,78618
2024-07-17,10:15:00,356.4300,358.8200,356.2200,356.7500,146680
2024-07-17,10:00:00,361.5740,361.7500,355.3900,356.5500,251109
2024-07-17,09:45:00,360.3300,363.5970,359.4600,361.4250,153782
2024-07-17,09:30:00,360.0000,363.1900,358.0000,360.4950,327172
2024-07-17,09:15:00,361.2500,362.1000,359.6600,360.6000,3701
2024-07-17,09:00:00,361.5000,369.0500,360.9000,361.2500,1817
2024-07-17,08:45:00,361.2310,369.0500,360.8530,361.8000,3141
2024-07-17,08:30:00,361.7600,376.4650,361.1130,361.1120,6104
2024-07-17,08:15:00,361.3600,368.1280,361.3600,362.7000,2247
2024-07-17,08:00:00,363.9200,368.3300,346.6600,361.3600,12163
2024-07-17,07:45:00,361.7700,362.3400,361.4100,361.8500,1937
2024-07-17,07:30:00,361.7300,361.8700,361.3000,361.8000,784
2024-07-17,07:15:00,363.0000,363.0000,361.5000,361.9100,2636
2024-07-17,07:00:00,362.8000,363.9400,362.0000,362.8700,5524
2024-07-17,06:45:00,362.9300,362.9900,362.3000,362.3000,305
2024-07-17,06:30:00,362.9800,362.9900,362.3000,362.9600,305
2024-07-17,06:15:00,362.9500,362.9800,362.3000,362.9400,97
2024-07-17,06:00:00,362.0600,362.9500,362.0300,362.9500,305
2024-07-17,05:45:00,362.1400,362.6900,362.0900,362.2000,122
2024-07-17,05:30:00,362.3600,362.7000,362.1400,362.6900,112
2024-07-17,05:15:00,362.3600,362.6400,362.0700,362.1300,187
2024-07-17,05:00:00,362.0000,362.4100,361.3000,362.0600,382
2024-07-17,04:45:00,360.7200,362.2800,360.7200,362.0000,499
2024-07-17,04:30:00,363.8800,363.8800,360.5800,360.7000,949
2024-07-17,04:15:00,365.1000,365.1900,362.0100,363.5100,829
2024-07-17,04:00:00,368.0000,368.0000,346.6600,365.0300,697
2024-07-16,19:45:00,369.0000,369.1200,368.9000,369.1200,313
2024-07-16,19:30:00,369.1000,369.1200,368.9000,369.0000,159
2024-07-16,19:15:00,369.0000,369.1200,368.6130,369.1000,498
2024-07-16,19:00:00,369.1100,369.1200,369.0000,369.0000,259
2024-07-16,18:45:00,369.3500,369.4000,369.0000,369.1100,51
2024-07-16,18:30:00,369.2900,369.4000,369.0000,369.1100,135
2024-07-16,18:15:00,369.2000,369.4500,369.1200,369.3500,645
2024-07-16,18:00:00,369.4000,369.4500,368.9800,369.1000,117
2024-07-16,17:45:00,369.3000,369.4500,368.5200,369.0100,54
2024-07-16,17:30:00,369.1000,369.4500,368.5200,369.4500,338
2024-07-16,17:15:00,369.0000,369.3500,368.5200,369.0800,185
2024-07-16,17:00:00,369.1100,369.4000,368.9500,368.9500,544
2024-07-16,16:45:00,369.4500,369.4500,369.0110,369.2900,45837
2024-07-16,16:30:00,369.2500,369.5000,368.5000,368.5200,630
2024-07-16,16:15:00,369.0500,369.8000,369.0500,369.4900,2930
2024-07-16,16:00:00,369.0500,369.9800,369.0000,369.2500,773201
2024-07-16,15:45:00,369.1800,369.7900,368.5000,369.0300,274570
2024-07-16,15:30:00,368.8850,369.7100,368.7600,369.1600,121936
2024-07-16,15:15:00,370.2500,370.4160,368.6500,368.8900,101651
2024-07-16,15:00:00,370.6600,370.8400,369.9400,370.2300,65821
2024-07-16,14:45:00,370.7100,371.1880,370.4010,370.6280,43958
2024-07-16,14:30:00,370.0050,370.9400,369.8200,370.7100,70118
2024-07-16,14:15:00,371.1700,371.1700,369.9800,370.0800,62627
2024-07-16,14:00:00,369.9000,371.0000,369.7100,371.0000,41222
2024-07-16,13:45:00,369.3800,370.4000,369.2500,369.9500,47324
2024-07-16,13:30:00,369.2700,369.8000,369.0600,369.6000,40013
2024-07-16,13:15:00,370.7600,370.8100,369.2600,369.3850,40488
2024-07-16,13:00:00,370.9500,370.9600,370.3300,370.7000,31868
2024-07-16,12:45:00,369.8250,371.0800,369.6770,371.0800,36196
2024-07-16,12:30:00,370.8100,370.9000,369.4100,369.6240,84381
2024-07-16,12:15:00,372.2100,372.2100,370.7900,370.7900,29491
2024-07-16,12:00:00,372.1300,372.9800,370.5700,371.9100,58915
2024-07-16,11:45:00,372.0000,372.5800,371.7800,371.9550,26786
2024-07-16,11:30:00,372.2510,372.4150,371.1200,371.7110,39444
2024-07-16,11:15:00,372.8300,372.9700,371.5900,372.3140,50566
2024-07-16,11:00:00,371.9300,373.7500,371.3000,372.9000,55904
2024-07-16,10:45:00,371.5950,372.7200,371.5500,371.7200,65457
2024-07-16,10:30:00,370.9300,372.3000,370.5550,371.4660,75062
2024-07-16,10:15:00,371.1050,371.6200,370.0650,371.3200,125003
2024-07-16,10:00:00,373.8800,374.3000,369.2700,371.1700,160905
2024-07-16,09:45:00,377.1900,378.6750,373.1100,373.8350,81140
2024-07-16,09:30:00,378.2400,379.3350,374.4940,376.4200,168951
2024-07-16,09:15:00,380.9200,381.0000,378.5000,379.0500,2352
2024-07-16,09:00:00,380.5600,380.9200,379.0700,380.6700,1093
2024-07-16,08:45:00,380.4900,380.9200,378.0000,380.0800,1527
2024-07-16,08:30:00,380.1200,381.0000,368.2300,380.8780,1166
2024-07-16,08:15:00,379.6200,381.0000,379.0000,380.4500,368
2024-07-16,08:00:00,377.3700,381.0070,365.0000,379.4900,29916
2024-07-16,07:45:00,379.0700,379.8500,379.0700,379.8500,594
2024-07-16,07:30:00,378.7200,379.1300,378.5000,379.0600,563
2024-07-16,07:15:00,379.0600,379.0600,378.5000,378.6900,348
2024-07-16,07:00:00,378.6900,379.2300,378.4000,379.0900,122
2024-07-16,06:45:00,378.8900,378.8900,378.8900,378.8900,8
2024-07-16,06:00:00,378.0500,379.0000,378.0500,379.0000,13
2024-07-16,05:30:00,378.5100,378.5100,378.0000,378.0000,57
2024-07-16,05:15:00,378.5200,378.5200,378.5100,378.5100,2
2024-07-16,05:00:00,378.5000,378.5100,378.0200,378.0200,56
2024-07-16,04:45:00,378.4600,378.5000,378.4600,378.4900,45
2024-07-16,04:30:00,378.0200,378.0200,378.0200,378.0200,11
2024-07-16,04:15:00,378.0200,378.8800,378.0200,378.5000,124
2024-07-16,04:00:00,379.8600,379.9500,377.4700,377.9900,652
2024-07-15,19:45:00,378.5210,379.8900,378.5200,379.8900,384
2024-07-15,19:30:00,379.1100,379.8490,378.4500,378.5900,1323
2024-07-15,19:15:00,379.0200,379.1500,378.5900,379.1400,89
2024-07-15,19:00:00,378.9900,379.9750,378.9900,379.0000,425
2024-07-15,18:45:00,379.0000,379.1500,378.2400,379.0000,280
2024-07-15,18:30:00,378.5000,379.8900,378.4300,378.9900,331
2024-07-15,18:15:00,379.8900,379.8900,378.0000,378.4100,61
2024-07-15,18:00:00,379.0600,379.8900,377.6600,378.4000,1067
2024-07-15,17:45:00,378.2050,380.0000,377.6600,379.1000,853
2024-07-15,17:30:00,378.3200,378.5000,377.6600,378.0600,123
2024-07-15,17:15:00,378.0900,378.3900,377.6600,378.3900,150
2024-07-15,17:00:00,378.5000,378.5000,377.6600,378.2700,888
2024-07-15,16:45:00,377.7600,378.5000,377.3700,378.0000,10168
2024-07-15,16:30:00,378.1600,378.2000,377.3980,377.6600,560
2024-07-15,16:15:00,377.3700,378.5000,377.3600,377.7300,15242
2024-07-15,16:00:00,377.4600,380.9900,375.0000,377.4900,1326057
2024-07-15,15:45:00,377.6300,377.7800,375.6350,377.4600,269054
2024-07-15,15:30:00,379.0400,379.7050,377.4600,377.4600,85222
2024-07-15,15:15:00,378.4600,379.3450,378.3200,379.0050,82249
2024-07-15,15:00:00,377.9700,378.4600,377.5900,378.4450,56861
2024-07-15,14:45:00,377.4600,378.2800,377.3400,378.0590,46052
2024-07-15,14:30:00,377.1900,378.5600,377.1200,377.4500,56294
2024-07-15,14:15:00,376.7400,377.3500,376.3400,377.3500,37721
2024-07-15,14:00:00,376.7460,377.4320,376.4000,376.9600,43197
2024-07-15,13:45:00,377.1900,377.8800,376.4400,376.7850,54610
2024-07-15,13:30:00,377.5050,377.7000,376.4500,377.2150,46757
2024-07-15,13:15:00,376.6200,378.0700,376.4300,377.5050,48377
2024-07-15,13:00:00,377.4400,377.6940,376.2210,376.7750,46769
2024-07-15,12:45:00,377.5300,378.0900,377.2200,377.5000,38023
2024-07-15,12:30:00,375.7400,378.3100,375.7200,377.6450,67178
2024-07-15,12:15:00,376.7600,377.1910,375.3900,375.7300,95824
2024-07-15,12:00:00,379.0300,379.3100,376.6800,376.7850,73333
2024-07-15,11:45:00,380.3800,380.5350,378.2980,379.1450,99830
2024-07-15,11:30:00,380.8750,381.8530,380.1400,380.2500,72046
2024-07-15,11:15:00,382.8900,382.9290,380.7700,381.0640,97275
2024-07-15,11:00:00,381.7200,383.5700,381.5900,382.7300,125582
2024-07-15,10:45:00,381.3700,382.8200,380.6000,381.9100,119556
2024-07-15,10:30:00,379.7700,381.4100,379.7700,381.2500,101834
2024-07-15,10:15:00,378.9700,380.2700,378.2600,379.7800,102530
2024-07-15,10:00:00,378.0600,380.5500,377.1720,379.0200,200385
2024-07-15,09:45:00,374.8700,378.3800,374.1200,378.0250,179887
2024-07-15,09:30:00,371.6700,375.6800,364.2100,374.4450,489027
2024-07-15,09:15:00,370.5000,371.6600,370.0600,371.6600,4186
2024-07-15,09:00:00,370.7500,371.0000,370.4000,370.5000,678
2024-07-15,08:45:00,370.5800,371.0000,370.3000,370.4000,550
2024-07-15,08:30:00,370.9000,371.0000,370.3000,370.3300,1232
2024-07-15,08:15:00,370.3170,371.0000,370.3000,371.0000,755
2024-07-15,08:00:00,370.0000,374.5000,367.0000,370.3000,4834
2024-07-15,07:45:00,369.9000,371.0000,369.9000,370.6000,2631
2024-07-15,07:30:00,370.5000,370.5000,369.3000,369.8100,1165
2024-07-15,07:15:00,369.4900,370.5500,369.2500,370.5500,1569
2024-07-15,07:00:00,369.6400,369.8000,368.3200,369.4900,1007
2024-07-15,06:45:00,368.5000,369.6400,367.6100,369.6400,1144
2024-07-15,06:30:00,370.1100,370.1100,367.0000,368.0000,2620
2024-07-15,06:15:00,372.8500,372.8500,369.9000,370.0000,3942
2024-07-15,06:00:00,373.3000,373.4900,372.9600,373.1200,1061
2024-07-15,05:45:00,373.3000,373.3100,373.3000,373.3100,37
2024-07-15,05:30:00,373.5000,373.5000,373.2600,373.2800,80
2024-07-15,05:15:00,373.0000,373.8100,372.2000,373.6700,734
2024-07-15,05:00:00,373.0300,373.0300,373.0000,373.0000,57
2024-07-15,04:45:00,372.7800,373.8000,372.7800,373.6400,30
2024-07-15,04:30:00,373.0000,373.9300,373.0000,373.9300,32
2024-07-15,04:15:00,373.8000,373.8000,373.6500,373.6500,28
2024-07-15,04:00:00,372.9700,373.8000,371.7500,371.7500,1099
2024-07-12,19:45:00,371.3400,372.0000,371.3200,371.3200,116
2024-07-12,19:30:00,371.8800,371.8800,371.0540,371.0540,232
2024-07-12,19:15:00,371.2700,371.8580,371.2700,371.2900,85
2024-07-12,19:00:00,372.0000,372.0000,370.9800,371.0800,171
2024-07-12,18:45:00,371.0200,372.0000,371.0200,371.3300,244
2024-07-12,18:30:00,371.4000,371.4000,371.0200,371.0300,418
2024-07-12,18:15:00,371.0200,371.4000,371.0200,371.2400,78
2024-07-12,18:00:00,371.4900,371.4900,370.9800,371.0200,114
2024-07-12,17:45:00,371.1800,371.6480,371.0200,371.5510,235
2024-07-12,17:30:00,371.5200,371.5500,371.3200,371.3300,196
2024-07-12,17:15:00,371.3500,372.0000,371.3200,372.0000,2461
2024-07-12,17:00:00,371.1800,371.5900,371.1810,371.3270,105
2024-07-12,16:45:00,371.3300,371.5790,371.1700,371.5790,3935
2024-07-12,16:30:00,371.3300,371.9830,371.1700,371.3300,354
2024-07-12,16:15:00,371.3200,372.0000,370.9000,371.3200,244
2024-07-12,16:00:00,371.3200,372.0000,370.5100,372.0000,556164
2024-07-12,15:45:00,370.9900,371.6350,370.0600,371.3200,224719
2024-07-12,15:30:00,372.6100,372.6500,370.3300,370.6800,119671
2024-07-12,15:15:00,371.8800,372.7200,371.4450,372.6250,86070
2024-07-12,15:00:00,371.6300,371.8400,371.3700,371.8300,61319
2024-07-12,14:45:00,371.5850,371.9900,371.2100,371.8500,45707
2024-07-12,14:30:00,371.1500,371.6300,370.6600,371.4550,40549
2024-07-12,14:15:00,372.1000,372.5000,370.6700,371.1600,60296
2024-07-12,14:00:00,371.4400,372.1700,371.4300,372.0950,51164
2024-07-12,13:45:00,371.9900,372.4800,371.3900,371.6000,63478
2024-07-12,13:30:00,370.9270,372.1900,370.5100,372.1300,73542
2024-07-12,13:15:00,370.3000,370.9370,370.1700,370.7900,62421
2024-07-12,13:00:00,369.9850,370.6000,369.2800,370.4000,52008
2024-07-12,12:45:00,369.4600,370.0500,369.0000,369.9850,46199
2024-07-12,12:30:00,369.4400,369.9700,369.1500,369.5350,38371
2024-07-12,12:15:00,368.0800,369.5800,368.0800,369.4900,82987
2024-07-12,12:00:00,368.5500,369.4000,367.7600,368.0400,91389
2024-07-12,11:45:00,370.0000,370.4000,368.5000,368.5550,82347
2024-07-12,11:30:00,370.4400,370.6600,369.4800,369.9600,85281
2024-07-12,11:15:00,371.9250,371.9250,369.3000,370.5100,89577
2024-07-12,11:00:00,372.1700,372.9000,371.7700,371.9100,76973
2024-07-12,10:45:00,371.9050,373.0900,371.4800,372.1270,52495
2024-07-12,10:30:00,371.2050,372.6500,370.6800,372.0200,117043
2024-07-12,10:15:00,373.1610,373.3300,371.1400,371.3000,94275
2024-07-12,10:00:00,373.5000,374.4900,371.9100,373.1950,108259
2024-07-12,09:45:00,369.1400,373.8800,368.9400,373.5000,185545
2024-07-12,09:30:00,368.2000,370.5000,367.7550,369.2700,195619
2024-07-12,09:15:00,370.7000,370.7000,368.0600,368.3200,1611
2024-07-12,09:00:00,370.4000,371.0000,369.9100,370.5000,288
2024-07-12,08:45:00,369.9800,376.0350,369.1810,370.5000,978
2024-07-12,08:30:00,370.5000,371.3000,369.0000,370.0000,4096
2024-07-12,08:15:00,371.0000,371.5000,370.0000,370.0000,466
2024-07-12,08:00:00,370.5000,374.7100,367.6000,370.9200,2489
2024-07-12,07:45:00,370.8900,370.8900,370.5000,370.5000,70
2024-07-12,07:30:00,370.0500,370.9000,369.5600,370.7500,123
2024-07-12,07:15:00,370.3000,370.3000,370.0100,370.2000,237
2024-07-12,07:00:00,370.8000,370.8900,369.0200,369.0500,1079
2024-07-12,06:45:00,370.8700,370.8700,370.5000,370.5000,17
2024-07-12,06:30:00,370.8000,371.0000,370.8000,370.8900,80
2024-07-12,05:45:00,370.5000,370.5000,370.5000,370.5000,3
2024-07-12,05:30:00,370.3300,371.1800,370.3300,371.1500,36
2024-07-12,05:15:00,370.8200,371.3700,370.7900,370.7900,95
2024-07-12,05:00:00,370.7900,371.4400,370.7900,371.4400,103
2024-07-12,04:45:00,370.5200,370.5200,370.3000,370.5000,79
2024-07-12,04:30:00,370.7200,371.6700,370.1700,371.6700,21
2024-07-12,04:15:00,369.8000,370.7200,369.8000,370.7200,229
2024-07-12,04:00:00,370.5000,370.5000,368.8400,369.8400,482
2024-07-11,19:45:00,370.2200,371.3000,368.8500,368.8500,478
2024-07-11,19:30:00,370.0300,370.2000,369.7500,370.1500,327
2024-07-11,19:15:00,370.5500,372.0000,370.0100,370.1700,248
2024-07-11,19:00:00,369.9500,371.9470,369.3100,371.9470,841
2024-07-11,18:45:00,369.5400,370.0000,369.0500,369.1500,503
2024-07-11,18:30:00,369.7000,370.0000,368.8500,369.7000,830
2024-07-11,18:15:00,369.9000,370.0000,368.7800,369.5000,438
2024-07-11,18:00:00,369.7600,370.1160,368.7800,369.9950,294
2024-07-11,17:45:00,369.2500,370.2400,368.9600,369.0000,834
2024-07-11,17:30:00,369.6100,370.2500,368.9600,368.9600,1951
2024-07-11,17:15:00,370.0100,370.2000,369.4800,369.4800,1443
2024-07-11,17:00:00,370.4000,370.4300,370.0000,370.0000,1794
2024-07-11,16:45:00,370.2000,370.5000,370.0000,370.2700,851
2024-07-11,16:30:00,370.2800,370.5000,370.0000,370.2500,21113
2024-07-11,16:15:00,370.4300,370.4300,370.0000,370.2800,1636
2024-07-11,16:00:00,370.3900,370.5600,370.0000,370.2100,577386
2024-07-11,15:45:00,369.6500,370.8700,369.4300,370.3800,302758
2024-07-11,15:30:00,368.6900,370.1900,368.6500,369.6200,94199
2024-07-11,15:15:00,369.3900,369.6750,368.3600,368.6100,70048
2024-07-11,15:00:00,369.7400,370.0300,369.2700,369.5400,52360
2024-07-11,14:45:00,369.7500,370.3060,369.1400,369.7600,55614
2024-07-11,14:30:00,368.6000,369.9800,368.5000,369.5600,85239
2024-07-11,14:15:00,368.4900,369.3550,368.4200,368.5700,57406
2024-07-11,14:00:00,368.2100,368.5700,367.5000,368.4150,53846
2024-07-11,13:45:00,368.8300,369.1400,367.7700,368.0600,66176
2024-07-11,13:30:00,369.1650,369.2000,368.1900,368.8800,79887
2024-07-11,13:15:00,369.4600,369.5400,368.3900,368.8500,106373
2024-07-11,13:00:00,370.8000,371.3000,369.3200,369.5820,77881
2024-07-11,12:45:00,371.6750,371.6750,370.5100,370.5600,41376
2024-07-11,12:30:00,372.1100,372.5800,371.4100,371.7200,54638
2024-07-11,12:15:00,370.7100,372.1900,370.4800,372.1100,82439
2024-07-11,12:00:00,370.1900,371.1500,369.6400,370.8500,81522
2024-07-11,11:45:00,371.1300,371.7200,370.1000,370.4000,76745
2024-07-11,11:30:00,371.5000,372.4000,370.4000,371.2300,129558
2024-07-11,11:15:00,374.0100,374.3000,371.5000,371.6200,82529
2024-07-11,11:00:00,373.8300,374.3200,372.5720,374.2150,102887
2024-07-11,10:45:00,375.7900,375.7900,373.4850,373.6000,74858
2024-07-11,10:30:00,373.7400,376.7500,373.6500,375.7900,86086
2024-07-11,10:15:00,375.5000,375.6200,372.0100,373.5600,214445
2024-07-11,10:00:00,379.3850,379.7800,375.7000,375.8620,119646
2024-07-11,09:45:00,378.7400,379.6900,377.3600,379.0400,162076
2024-07-11,09:30:00,375.6900,379.3500,373.2600,378.8100,324320
2024-07-11,09:15:00,376.3000,377.0000,374.9700,375.7200,8291
2024-07-11,09:00:00,374.4500,377.0000,374.4500,376.4800,4000
2024-07-11,08:45:00,376.5500,377.0300,375.0000,375.8000,8047
2024-07-11,08:30:00,373.0000,377.3000,373.0000,376.7000,14207
2024-07-11,08:15:00,373.5000,373.9000,372.9000,372.9000,1120
2024-07-11,08:00:00,374.2000,374.9530,373.0800,373.2890,5133
2024-07-11,07:45:00,374.0000,374.0000,373.6500,373.9700,119
2024-07-11,07:30:00,374.0600,374.1900,373.9100,374.1900,271
2024-07-11,07:15:00,374.0000,374.2000,374.0000,374.1600,336
2024-07-11,07:00:00,373.9700,374.0000,373.2400,374.0000,479
2024-07-11,06:45:00,374.0300,374.2000,373.9000,373.9000,187
2024-07-11,06:30:00,374.5000,374.6700,374.2100,374.6700,344
2024-07-11,06:15:00,373.5300,374.2600,373.5100,374.0100,180
2024-07-11,06:00:00,373.8500,373.8500,373.5100,373.5300,153
2024-07-11,05:45:00,374.1500,374.4500,373.9100,374.4500,161
2024-07-11,05:30:00,373.5000,374.0000,373.3700,373.9200,77
2024-07-11,05:15:00,374.0000,374.2500,373.9100,373.9100,29
2024-07-11,05:00:00,374.2000,374.4500,374.0000,374.4400,85
2024-07-11,04:45:00,374.2000,374.2000,374.0000,374.2000,24
2024-07-11,04:30:00,374.4500,374.4500,374.2000,374.2000,17
2024-07-11,04:15:00,374.4500,374.4900,374.1500,374.2000,30
2024-07-11,04:00:00,374.5800,374.7600,374.2500,374.5800,58
2024-07-10,19:45:00,374.6800,374.9500,374.6000,374.8300,1098
2024-07-10,19:30:00,374.7500,374.9500,374.6800,374.6800,1090
2024-07-10,19:15:00,374.6900,374.7600,374.5600,374.7500,1226
2024-07-10,19:00:00,374.7000,374.7500,374.6000,374.6800,623
2024-07-10,18:45:00,374.7100,374.7100,374.5610,374.6000,728
2024-07-10,18:30:00,375.0000,375.2000,374.7100,374.7100,280
2024-07-10,18:15:00,375.2000,375.4100,374.5800,375.0000,361
2024-07-10,18:00:00,374.9900,375.4100,374.5800,375.2000,586
2024-07-10,17:45:00,375.0000,375.2100,374.5900,374.9900,2387
2024-07-10,17:30:00,374.3200,375.0000,374.2500,374.8200,2630
2024-07-10,17:15:00,374.3500,374.6100,374.3000,374.3000,937
2024-07-10,17:00:00,374.5500,374.7700,374.2500,374.4900,5157
2024-07-10,16:45:00,374.4000,374.7700,374.2500,374.5500,1339
2024-07-10,16:30:00,374.3900,389.2300,374.0100,374.4500,3465
2024-07-10,16:15:00,374.4500,374.7700,373.9780,374.0100,4328
2024-07-10,16:00:00,374.4400,374.7700,371.6000,374.4400,765522
2024-07-10,15:45:00,373.7050,374.6800,373.2100,374.4400,443003
2024-07-10,15:30:00,372.8500,374.6800,372.3700,373.7050,154221
2024-07-10,15:15:00,372.0030,373.0600,371.7100,372.8500,131791
2024-07-10,15:00:00,372.2100,372.2100,371.2700,371.9600,81297
2024-07-10,14:45:00,371.7800,372.7950,371.5100,372.3000,91908
2024-07-10,14:30:00,372.3100,372.6300,371.5100,371.7290,76281
2024-07-10,14:15:00,373.4100,373.5350,371.7900,372.2950,87415
2024-07-10,14:00:00,373.5850,373.5850,372.5100,373.4400,77905
2024-07-10,13:45:00,372.0970,373.6590,372.0970,373.5850,101038
2024-07-10,13:30:00,372.1900,373.1000,371.3800,372.2380,95919
2024-07-10,13:15:00,370.8800,372.8500,370.8800,372.1700,101683
2024-07-10,13:00:00,372.1000,372.9500,370.4100,370.9360,159686
2024-07-10,12:45:00,370.0000,372.3600,369.8300,372.1850,250259
2024-07-10,12:30:00,367.1200,370.2200,366.6100,370.0800,196880
2024-07-10,12:15:00,366.3400,367.6630,365.5900,367.0140,221845
2024-07-10,12:00:00,368.0450,368.6900,366.3500,366.4600,168374
2024-07-10,11:45:00,369.1700,369.1700,367.5000,368.0700,196240
2024-07-10,11:30:00,369.9300,370.9100,368.1000,369.2480,200152
2024-07-10,11:15:00,368.5220,370.1100,367.5800,369.9400,232510
2024-07-10,11:00:00,370.0450,370.5400,368.5000,368.6400,252691
2024-07-10,10:45:00,371.4500,371.8100,369.5100,370.0450,173597
2024-07-10,10:30:00,371.9800,372.5800,368.8500,371.4700,422286
2024-07-10,10:15:00,374.2040,374.4000,371.4500,372.0050,298761
2024-07-10,10:00:00,376.4900,376.8900,373.0200,374.4100,317910
2024-07-10,09:45:00,379.7600,381.7600,374.0200,376.7100,399771
2024-07-10,09:30:00,385.0000,385.0200,376.0000,379.7620,436025
2024-07-10,09:15:00,386.7600,387.2260,384.2500,384.2500,2626
2024-07-10,09:00:00,386.7100,387.2500,334.6100,387.2500,921
2024-07-10,08:45:00,386.5600,387.5100,386.3200,386.7400,1095
2024-07-10,08:30:00,386.7700,388.0000,386.2600,386.3670,224
2024-07-10,08:15:00,387.0000,387.0000,386.3600,386.5700,561
2024-07-10,08:00:00,386.3200,398.0000,382.9930,387.8180,2248
2024-07-10,07:45:00,387.2500,387.4600,386.9600,386.9900,200
2024-07-10,07:30:00,387.0300,387.3600,386.9400,387.2300,174
2024-07-10,07:15:00,387.3600,387.3600,386.9600,386.9600,122
2024-07-10,07:00:00,386.6200,387.2600,386.5800,387.2500,246
2024-07-10,06:45:00,386.9700,386.9700,386.5400,386.5400,9
2024-07-10,06:30:00,386.5100,386.5100,386.5100,386.5100,4
2024-07-10,06:15:00,387.4600,387.4600,386.9700,386.9900,24
2024-07-10,06:00:00,386.4100,386.9700,386.4100,386.4800,78
2024-07-10,05:45:00,386.4100,386.9800,386.4100,386.9800,5
2024-07-10,05:15:00,386.9900,386.9900,386.3200,386.3200,60
2024-07-10,05:00:00,386.9900,387.6000,386.9900,387.6000,11
2024-07-10,04:45:00,386.7000,386.9900,386.7000,386.9900,13
2024-07-10,04:15:00,386.5000,387.6000,386.5000,387.4700,64
2024-07-10,04:00:00,385.8600,388.4800,385.8600,388.4800,162
2024-07-09,19:45:00,385.6700,385.9000,385.1500,385.8800,424
2024-07-09,19:30:00,385.6700,385.9000,385.1500,385.1500,192
2024-07-09,19:15:00,385.6600,385.9000,385.1500,385.8400,240
2024-07-09,19:00:00,385.1500,385.9400,385.1500,385.1790,1181
2024-07-09,18:45:00,385.7600,385.8200,385.1500,385.8200,17
2024-07-09,18:30:00,385.4500,385.9300,385.0000,385.9300,3947
2024-07-09,18:15:00,385.1000,385.6700,385.1000,385.3500,123
2024-07-09,18:00:00,385.3500,385.8000,385.1000,385.6700,349
2024-07-09,17:45:00,385.3600,385.8800,385.0000,385.2530,88
2024-07-09,17:30:00,385.7900,385.9000,385.0000,385.8300,467
2024-07-09,17:15:00,385.7600,385.9000,385.0000,385.0220,764
2024-07-09,17:00:00,385.7440,385.9000,385.5000,385.5200,1059
2024-07-09,16:45:00,385.7000,385.8800,385.5000,385.6900,2819
2024-07-09,16:30:00,385.7000,385.8000,385.5200,385.8000,1185
2024-07-09,16:15:00,385.8800,385.9300,385.4000,385.7600,1722
2024-07-09,16:00:00,385.5400,385.9300,385.0500,385.6600,534728
2024-07-09,15:45:00,384.4200,386.1350,383.8400,385.8600,267230
2024-07-09,15:30:00,383.8800,384.6150,383.2000,384.5000,109736
2024-07-09,15:15:00,386.0200,386.0700,383.5000,383.8820,114861
2024-07-09,15:00:00,386.4600,386.6600,385.8100,385.9760,40645
2024-07-09,14:45:00,386.1000,386.8600,385.6200,386.3900,47589
2024-07-09,14:30:00,385.8200,386.1300,385.4010,386.1200,37019
2024-07-09,14:15:00,386.3800,386.4100,385.4600,385.7400,38905
2024-07-09,14:00:00,386.0850,386.5650,385.5000,386.4350,34764
2024-07-09,13:45:00,385.6600,386.2100,385.1500,386.0000,41771
2024-07-09,13:30:00,386.5000,386.7000,385.6800,385.6800,45692
2024-07-09,13:15:00,387.8400,387.8400,386.2800,386.6100,53635
2024-07-09,13:00:00,388.4050,388.4050,387.4500,387.8400,69071
2024-07-09,12:45:00,387.5900,388.7000,386.9900,388.3900,148022
2024-07-09,12:30:00,387.8000,387.9300,387.1200,387.6300,44117
2024-07-09,12:15:00,387.6900,388.3800,387.3100,387.7500,46683
2024-07-09,12:00:00,387.7100,387.9400,386.8700,387.6850,41629
2024-07-09,11:45:00,386.0800,388.1500,386.0800,387.8400,77763
2024-07-09,11:30:00,385.4000,386.5000,385.2400,386.0400,65178
2024-07-09,11:15:00,386.0000,386.9140,384.6540,385.1730,65161
2024-07-09,11:00:00,385.2400,386.3000,384.5100,385.9700,117132
2024-07-09,10:45:00,385.4500,386.6200,385.2700,385.3900,99331
2024-07-09,10:30:00,388.0000,388.1400,385.0100,385.3650,146631
2024-07-09,10:15:00,391.3000,391.3000,386.5900,388.2900,138638
2024-07-09,10:00:00,390.3650,391.7800,389.5730,391.5200,110012
2024-07-09,09:45:00,389.9600,391.4400,389.4800,390.1400,122644
2024-07-09,09:30:00,392.5100,398.3270,388.5400,389.8400,513806
2024-07-09,09:15:00,389.6100,392.4800,388.5000,392.2600,7727
2024-07-09,09:00:00,390.5600,390.7600,389.1000,389.4400,2387
2024-07-09,08:45:00,390.2600,391.2500,381.7000,390.0000,1157
2024-07-09,08:30:00,390.7600,392.0000,390.0000,390.3600,2196
2024-07-09,08:15:00,391.4950,391.6800,390.0000,390.6600,1427
2024-07-09,08:00:00,391.9800,394.0000,390.7100,391.5600,8477
2024-07-09,07:45:00,391.6000,391.7300,391.3200,391.3400,398
2024-07-09,07:30:00,391.8600,391.8600,391.5600,391.5600,228
2024-07-09,07:15:00,392.1600,392.1700,391.5500,391.7700,1248
2024-07-09,07:00:00,392.2000,392.4000,392.0300,392.3000,342
2024-07-09,06:45:00,392.2000,392.2300,392.2000,392.2300,8
2024-07-09,06:30:00,392.2000,392.2000,392.1900,392.1900,7
2024-07-09,06:00:00,392.4000,392.4000,392.1400,392.2000,15
2024-07-09,05:45:00,392.4000,392.4000,392.4000,392.4000,74
2024-07-09,05:30:00,392.4400,392.4400,392.4400,392.4400,34
2024-07-09,05:15:00,392.1100,392.6900,392.1100,392.4500,67
2024-07-09,05:00:00,392.3800,392.7800,392.0500,392.7200,100
2024-07-09,04:45:00,392.3900,392.5000,391.9500,392.0300,46
2024-07-09,04:30:00,392.4100,392.4300,392.3900,392.3900,79
2024-07-09,04:15:00,392.2000,392.4100,392.2000,392.4100,61
2024-07-09,04:00:00,392.5000,392.5000,390.6700,392.4000,810
2024-07-08,19:45:00,391.1600,391.9700,391.0000,391.0000,2065
2024-07-08,19:30:00,391.3000,391.3600,391.0350,391.2300,251
2024-07-08,19:15:00,391.3600,391.9000,391.0260,391.2000,501
2024-07-08,19:00:00,391.0000,391.9700,390.7400,391.5000,5463
2024-07-08,18:45:00,390.8900,391.0000,390.8900,390.9500,574
2024-07-08,18:30:00,390.9000,390.9900,390.7300,390.7300,69
2024-07-08,18:15:00,390.9900,391.0000,390.9900,390.9900,902
2024-07-08,18:00:00,390.7170,390.9900,390.7100,390.9900,448
2024-07-08,17:45:00,390.7170,390.9900,390.7100,390.9000,110084
2024-07-08,17:30:00,390.8700,390.9400,390.8000,390.9400,107
2024-07-08,17:15:00,390.7800,390.9900,390.5100,390.7100,766
2024-07-08,17:00:00,390.8100,391.0000,390.5100,390.7800,690
2024-07-08,16:45:00,390.7000,391.0000,390.5100,390.8800,7246
2024-07-08,16:30:00,390.5100,391.0000,390.5100,390.7200,237
2024-07-08,16:15:00,390.7100,391.0000,390.5100,390.7600,4096
2024-07-08,16:00:00,390.7000,392.0000,390.3500,390.7600,314100
2024-07-08,15:45:00,389.7100,391.0500,389.3200,390.7000,248363
2024-07-08,15:30:00,389.5000,390.1000,388.5020,389.7200,150987
2024-07-08,15:15:00,388.6250,389.4800,388.5900,389.4800,61458
2024-07-08,15:00:00,387.7600,388.9900,387.6700,388.6500,50410
2024-07-08,14:45:00,387.7700,388.1500,387.0690,387.8600,51396
2024-07-08,14:30:00,387.6600,388.5100,387.3000,388.0200,74388
2024-07-08,14:15:00,387.5500,387.8600,387.0000,387.6500,47601
2024-07-08,14:00:00,387.1400,387.5590,386.9800,387.5200,29928
2024-07-08,13:45:00,388.1600,388.5800,387.1300,387.3570,39765
2024-07-08,13:30:00,387.9600,388.5000,387.8000,388.0600,31451
2024-07-08,13:15:00,387.8700,388.1350,387.2900,387.8200,67943
2024-07-08,13:00:00,387.6320,388.2960,387.2700,387.9600,32864
2024-07-08,12:45:00,387.5800,388.2900,386.9850,387.5900,36891
2024-07-08,12:30:00,387.5350,387.7100,387.0200,387.5800,27659
2024-07-08,12:15:00,387.5700,387.8500,386.8500,387.3600,37073
2024-07-08,12:00:00,388.6400,388.7400,386.9100,387.5700,53263
2024-07-08,11:45:00,388.1050,389.1600,387.9900,388.7100,45967
2024-07-08,11:30:00,388.0300,389.1030,387.3700,388.2900,38017
2024-07-08,11:15:00,388.2550,388.8500,387.6200,387.8150,46090
2024-07-08,11:00:00,386.0550,388.4400,386.0480,388.1450,79033
2024-07-08,10:45:00,385.7000,387.0000,385.5400,386.0800,73251
2024-07-08,10:30:00,386.6200,387.4000,385.1600,385.7000,63224
2024-07-08,10:15:00,387.5500,387.6700,385.2200,386.5300,90891
2024-07-08,10:00:00,385.4200,388.2100,382.4800,387.3250,169077
2024-07-08,09:45:00,384.2450,386.8700,383.4050,384.8600,148459
2024-07-08,09:30:00,390.3680,397.1200,379.7900,384.1600,834442
2024-07-08,09:15:00,390.8600,391.1600,390.2100,390.6000,3520
2024-07-08,09:00:00,391.1600,391.9900,389.6800,390.8600,2721
2024-07-08,08:45:00,391.0600,392.0000,390.6500,390.9500,1134
2024-07-08,08:30:00,390.8100,391.9000,387.7750,387.8500,1916
2024-07-08,08:15:00,390.8300,391.0000,390.6500,390.9910,311
2024-07-08,08:00:00,390.6300,410.2500,388.0000,390.7600,3126
2024-07-08,07:45:00,390.6400,390.8400,390.4100,390.6000,565
2024-07-08,07:30:00,390.6600,390.8900,390.4200,390.6000,163
2024-07-08,07:15:00,390.4500,390.6000,390.4000,390.5600,170
2024-07-08,07:00:00,390.8100,391.0100,390.3700,390.3700,656
2024-07-08,06:45:00,390.9900,391.5800,390.6800,390.8000,103
2024-07-08,06:30:00,390.6400,391.0000,390.6300,391.0000,39
2024-07-08,06:15:00,391.4800,391.5000,391.0300,391.0300,64
2024-07-08,06:00:00,390.9800,391.4800,390.5900,390.8000,56
2024-07-08,05:45:00,390.9800,390.9800,390.9800,390.9800,1
2024-07-08,05:30:00,390.9000,391.0000,390.3600,390.8500,152
2024-07-08,05:15:00,390.2200,391.0000,390.1900,391.0000,50
2024-07-08,05:00:00,390.2100,390.2100,390.1900,390.1900,10
2024-07-08,04:45:00,390.5000,390.8900,390.0500,390.8900,41
2024-07-08,04:30:00,390.3000,390.5900,390.1100,390.1800,62
2024-07-08,04:15:00,390.3000,390.3000,390.3000,390.3000,29
2024-07-08,04:00:00,390.0000,390.3000,389.6000,390.2700,225
2024-07-05,19:45:00,389.6500,389.6500,389.0000,389.6500,251
2024-07-05,19:30:00,389.5400,389.6500,389.0000,389.6500,181
2024-07-05,19:15:00,389.6340,389.6500,389.0000,389.4200,161
2024-07-05,19:00:00,389.4000,389.6600,389.2800,389.4000,46
2024-07-05,18:45:00,389.3600,389.5900,389.2300,389.4600,29
2024-07-05,18:30:00,389.5900,389.6400,388.8000,389.3600,1341
2024-07-05,18:15:00,389.5800,389.6600,388.8000,389.6600,168
2024-07-05,18:00:00,389.6380,389.6600,389.3600,389.5970,94
2024-07-05,17:45:00,389.2700,389.6600,388.9400,389.4300,81
2024-07-05,17:30:00,389.4000,389.6800,388.8000,389.4600,22979
2024-07-05,17:15:00,389.2470,389.4000,387.9000,389.4000,172
2024-07-05,17:00:00,389.3240,389.4000,388.6230,389.3160,92
2024-07-05,16:45:00,388.9600,389.6800,388.5000,388.8000,22480
2024-07-05,16:30:00,389.6500,389.6500,388.3000,389.0600,468
2024-07-05,16:15:00,389.6800,389.6800,388.3340,389.6300,411
2024-07-05,16:00:00,389.5900,390.7000,389.4700,389.4700,472530
2024-07-05,15:45:00,389.6600,389.9800,389.3100,389.6400,194371
2024-07-05,15:30:00,390.4100,390.5600,389.3200,389.7970,73086
2024-07-05,15:15:00,390.4900,390.7000,389.9680,390.4400,49865
2024-07-05,15:00:00,389.8200,390.4650,389.6100,390.4650,39047
2024-07-05,14:45:00,389.8760,390.4400,389.8000,389.9050,39376
2024-07-05,14:30:00,389.6700,390.0000,389.4300,389.8700,34071
2024-07-05,14:15:00,390.8000,390.8000,389.4600,389.4750,54226
2024-07-05,14:00:00,390.8650,391.0000,390.3200,390.6000,31325
2024-07-05,13:45:00,390.9200,391.4200,390.8050,390.8600,41548
2024-07-05,13:30:00,390.7340,391.0600,390.2600,390.8900,32012
2024-07-05,13:15:00,390.3000,391.1700,389.4780,390.7500,72122
2024-07-05,13:00:00,389.3700,390.5000,389.3100,390.2670,39130
2024-07-05,12:45:00,389.7200,390.1600,389.4700,389.4800,37644
2024-07-05,12:30:00,389.0500,390.5000,388.8300,389.7850,107683
2024-07-05,12:15:00,389.1310,389.2000,388.5400,388.9300,34527
2024-07-05,12:00:00,389.0300,389.2500,387.7300,388.9600,39243
2024-07-05,11:45:00,388.9400,389.6300,388.7600,389.0200,46281
2024-07-05,11:30:00,389.4000,389.5900,388.6200,389.0100,47244
2024-07-05,11:15:00,389.8800,389.9000,388.8050,389.4700,42402
2024-07-05,11:00:00,388.9500,389.7300,388.6300,389.7250,39335
2024-07-05,10:45:00,389.2200,389.8200,388.2500,388.9550,38747
2024-07-05,10:30:00,390.0100,390.0100,388.8200,389.2350,59049
2024-07-05,10:15:00,389.8800,391.4650,389.7000,390.1850,67109
2024-07-05,10:00:00,389.2100,391.4400,389.0400,389.9100,98334
2024-07-05,09:45:00,388.5800,389.8900,387.0000,388.9650,75983
2024-07-05,09:30:00,387.8700,389.9800,385.3100,388.9270,151917
2024-07-05,09:15:00,387.9980,389.0580,387.7100,387.8000,632
2024-07-05,09:00:00,388.5600,389.2070,387.5300,387.5420,376
2024-07-05,08:45:00,388.2700,389.7800,387.5300,388.3500,1140
2024-07-05,08:30:00,388.3600,389.7900,384.2100,384.2100,2215
2024-07-05,08:15:00,387.8300,389.7200,387.8300,388.8820,195
2024-07-05,08:00:00,388.0000,401.0000,386.6500,388.1000,1329
2024-07-05,07:45:00,388.0000,388.1600,387.7700,387.7700,324
2024-07-05,07:30:00,388.3600,388.5000,388.0000,388.0000,325
2024-07-05,07:15:00,388.4100,388.6900,388.0600,388.2600,183
2024-07-05,07:00:00,388.3300,389.1200,388.1600,388.4000,668
2024-07-05,06:45:00,388.8000,388.8200,388.1500,388.8200,57
2024-07-05,06:30:00,388.6200,388.7900,388.5800,388.7900,811
2024-07-05,06:15:00,388.5000,388.9300,388.5000,388.8000,28
2024-07-05,06:00:00,388.9100,388.9100,388.0100,388.0100,114
2024-07-05,05:45:00,389.0000,389.0000,388.5300,388.5300,32
2024-07-05,05:30:00,388.4500,389.3700,388.4400,389.0000,714
2024-07-05,05:15:00,388.5000,388.5000,388.5000,388.5000,3
2024-07-05,05:00:00,388.5000,388.5000,388.5000,388.5000,9
2024-07-05,04:45:00,388.5000,388.7000,388.0600,388.1000,51
2024-07-05,04:30:00,388.1600,388.6700,387.9000,388.5000,761
2024-07-05,04:15:00,388.1700,388.7000,388.1700,388.7000,42
2024-07-05,04:00:00,391.1700,401.0000,387.0000,387.5300,202
2024-07-03,16:45:00,386.7440,386.7440,386.5000,386.5000,52
2024-07-03,16:30:00,386.5000,386.7000,386.5000,386.5000,75
2024-07-03,16:15:00,386.7400,387.1800,386.5000,386.6100,766
2024-07-03,16:00:00,386.5000,386.7400,386.5000,386.7400,104
2024-07-03,15:45:00,386.5100,386.7500,386.5100,386.5200,204
2024-07-03,15:30:00,386.7440,386.7440,386.5000,386.5000,431
2024-07-03,15:15:00,386.5600,390.7200,386.5000,386.5300,119
2024-07-03,15:00:00,386.7600,387.0300,386.5000,386.7300,89
2024-07-03,14:45:00,386.8000,387.0300,386.5790,386.5800,377
2024-07-03,14:30:00,387.0010,387.0010,386.7750,386.8600,268
2024-07-03,14:15:00,385.0500,387.1800,385.0500,387.0010,211
2024-07-03,14:00:00,387.0460,387.0500,386.9000,386.9000,922
2024-07-03,13:45:00,386.9500,387.0500,386.9000,387.0100,343
2024-07-03,13:30:00,386.9300,387.0500,386.9000,387.0490,796
2024-07-03,13:15:00,387.1800,387.1800,386.7700,386.9000,869
2024-07-03,13:00:00,387.1400,387.1900,386.5000,386.9500,280778
2024-07-03,12:45:00,387.7270,388.0900,386.8200,387.1400,192106
2024-07-03,12:30:00,388.0000,388.6600,387.5500,387.8380,73057
2024-07-03,12:15:00,387.9700,388.4000,387.3520,388.0350,55652
2024-07-03,12:00:00,388.8000,388.8350,387.1500,387.9300,52209
2024-07-03,11:45:00,388.1000,388.9800,387.8590,388.7980,40489
2024-07-03,11:30:00,389.9450,390.0000,388.1710,388.2900,61193
2024-07-03,11:15:00,389.8250,390.0800,389.4600,389.7500,102929
2024-07-03,11:00:00,388.6900,389.9710,388.2700,389.9400,61968
2024-07-03,10:45:00,389.1000,389.8510,388.1400,388.7500,95217
2024-07-03,10:30:00,388.1800,389.4000,387.4000,389.1300,94784
2024-07-03,10:15:00,387.8900,389.2910,387.5030,388.1800,106422
2024-07-03,10:00:00,385.0500,387.8900,384.3400,387.8800,116023
2024-07-03,09:45:00,384.7900,386.3170,384.5300,385.0200,72028
2024-07-03,09:30:00,384.2500,386.2900,382.3830,384.5950,158321
2024-07-03,09:15:00,383.0000,384.9500,382.2500,384.2300,1246
2024-07-03,09:00:00,382.5200,383.6600,382.0000,382.3200,2626
2024-07-03,08:45:00,383.5500,385.9900,382.5000,382.5000,3735
2024-07-03,08:30:00,385.1360,386.0000,383.5500,383.8100,2182
2024-07-03,08:15:00,384.9700,386.0000,384.3750,385.1630,197
2024-07-03,08:00:00,384.5000,386.3000,384.0000,384.8600,2634
2024-07-03,07:45:00,384.8400,385.0200,384.8400,384.9600,141
2024-07-03,07:30:00,384.7000,385.0000,384.5200,384.8300,407
2024-07-03,07:15:00,385.0600,385.0600,384.5500,384.7500,253
2024-07-03,07:00:00,385.2500,385.2500,384.4900,385.1600,1435
2024-07-03,06:45:00,385.2100,385.2100,385.1600,385.1600,76
2024-07-03,06:30:00,385.0500,385.1400,384.7100,385.1400,10
2024-07-03,06:15:00,385.1600,385.1600,385.1600,385.1600,31
2024-07-03,06:00:00,385.0600,385.4200,385.0600,385.1500,33
2024-07-03,05:45:00,385.4200,385.5800,385.0500,385.0500,25
2024-07-03,05:30:00,385.4600,385.4600,385.1500,385.1500,4
2024-07-03,05:00:00,385.1500,385.1500,385.1500,385.1500,3
2024-07-03,04:45:00,385.0200,385.0700,385.0000,385.0700,37
2024-07-03,04:30:00,385.0000,385.0000,385.0000,385.0000,14
2024-07-03,04:15:00,385.0000,385.0000,385.0000,385.0000,17
2024-07-03,04:00:00,386.0000,386.0000,384.3100,385.0500,56
2024-07-02,19:45:00,384.5270,384.9500,384.2500,384.7600,101
2024-07-02,19:30:00,384.7500,384.9400,384.2500,384.4250,97
2024-07-02,19:15:00,384.8500,384.9600,384.2500,384.4000,52
2024-07-02,19:00:00,384.2500,385.0000,384.2500,385.0000,187
2024-07-02,18:45:00,384.9600,385.0000,384.3800,384.5700,219
2024-07-02,18:30:00,384.5700,385.0000,384.5700,384.7600,538
2024-07-02,18:15:00,384.9780,385.0000,384.1300,384.4600,277
2024-07-02,18:00:00,385.1600,385.1600,384.5600,384.5600,50105
2024-07-02,17:45:00,385.0400,385.3400,384.8800,385.0500,197
2024-07-02,17:30:00,385.3790,385.4500,384.8800,385.0000,35
2024-07-02,17:15:00,385.0000,385.4500,384.5400,384.9700,250
2024-07-02,17:00:00,384.9500,385.0600,384.6100,385.0500,357
2024-07-02,16:45:00,384.6600,385.0500,384.1500,384.8800,313
2024-07-02,16:30:00,385.1500,385.1600,384.0000,384.6120,779
2024-07-02,16:15:00,385.0500,386.0000,383.9500,385.4400,512
2024-07-02,16:00:00,385.0410,386.5500,383.2000,385.6500,845549
2024-07-02,15:45:00,386.2700,386.3150,384.6300,385.0410,331283
2024-07-02,15:30:00,386.2600,386.5300,385.9500,386.3900,116749
2024-07-02,15:15:00,385.1900,386.3500,384.8900,386.1470,72956
2024-07-02,15:00:00,385.4700,386.1000,385.0700,385.3200,54274
2024-07-02,14:45:00,385.5750,386.1300,385.3000,385.4600,49273
2024-07-02,14:30:00,386.2150,386.2500,385.1300,385.5600,56344
2024-07-02,14:15:00,385.5510,386.2700,385.5050,386.1600,61216
2024-07-02,14:00:00,385.8200,386.2000,385.2700,385.5700,63476
2024-07-02,13:45:00,384.9400,385.9300,384.7200,385.7600,52138
2024-07-02,13:30:00,384.8500,385.1400,384.2200,384.8550,36477
2024-07-02,13:15:00,384.4400,385.2180,383.8200,384.9750,94796
2024-07-02,13:00:00,382.5690,384.4600,382.5300,384.3200,60866
2024-07-02,12:45:00,381.9210,382.8900,381.7100,382.6000,69055
2024-07-02,12:30:00,382.3620,382.7600,381.8700,382.0050,134638
2024-07-02,12:15:00,381.7520,382.4700,381.7520,382.2000,60588
2024-07-02,12:00:00,382.2050,382.4050,381.4700,381.7740,112273
2024-07-02,11:45:00,383.5700,383.6100,382.0900,382.1790,79074
2024-07-02,11:30:00,383.8900,384.2950,383.4100,383.5400,47502
2024-07-02,11:15:00,384.4200,384.8500,383.5450,383.5800,45131
2024-07-02,11:00:00,384.7600,385.4400,383.9930,384.3400,52373
2024-07-02,10:45:00,383.5400,385.2400,382.5900,384.9400,100172
2024-07-02,10:30:00,384.5330,385.2300,383.5700,383.8120,86981
2024-07-02,10:15:00,384.9600,385.4600,383.3500,384.7450,96079
2024-07-02,10:00:00,384.9700,386.4400,383.4100,385.0080,141002
2024-07-02,09:45:00,383.5750,386.4420,382.3400,384.9750,188138
2024-07-02,09:30:00,382.2700,387.1650,382.0000,383.5200,387381
2024-07-02,09:15:00,383.0400,383.9500,381.7600,383.0000,13625
2024-07-02,09:00:00,382.5500,383.5440,382.4000,383.4000,4523
2024-07-02,08:45:00,382.8300,383.2800,382.3600,382.8500,4524
2024-07-02,08:30:00,382.9000,383.8220,382.7300,382.9100,6292
2024-07-02,08:15:00,383.2000,383.2300,382.7000,382.7580,3334
2024-07-02,08:00:00,383.1720,392.1500,382.1500,383.2400,13051
2024-07-02,07:45:00,382.6000,382.9100,382.2500,382.7500,2544
2024-07-02,07:30:00,383.0900,383.7700,382.5200,382.8000,6707
2024-07-02,07:15:00,382.9900,383.9700,382.8100,383.6000,7728
2024-07-02,07:00:00,383.8000,384.8800,382.2100,382.9300,6037
2024-07-02,06:45:00,382.3000,383.5000,382.3000,383.0000,485
2024-07-02,06:30:00,382.9900,383.0000,382.9900,383.0000,512
2024-07-02,06:15:00,382.9900,384.0000,382.9900,383.0000,675
2024-07-02,06:00:00,383.9900,383.9900,382.0000,383.0000,1458
2024-07-02,05:45:00,383.7900,384.0000,383.4900,383.4900,277
2024-07-02,05:30:00,384.2000,384.2000,382.1500,383.8900,1056
2024-07-02,05:15:00,384.5300,384.8000,384.4400,384.8000,449
2024-07-02,05:00:00,384.6200,384.6200,384.4500,384.5300,15
2024-07-02,04:45:00,384.1000,384.9900,384.0000,384.9900,18
2024-07-02,04:30:00,383.8000,384.9900,383.7400,384.3000,1307
2024-07-02,04:15:00,385.7000,385.7200,384.0000,384.1400,505
2024-07-02,04:00:00,387.8800,387.8800,383.7500,385.0000,1302
2024-07-01,19:45:00,391.3600,392.1400,391.0000,391.9100,114
2024-07-01,19:30:00,391.7000,392.1400,391.0000,391.3600,163
2024-07-01,19:15:00,391.7600,391.8500,391.1500,391.8500,57
2024-07-01,19:00:00,391.7000,392.1400,391.1260,392.1120,93
2024-07-01,18:45:00,391.7100,392.0000,391.7000,391.7000,254
2024-07-01,18:30:00,392.0000,392.2850,391.7000,391.9500,188
2024-07-01,18:15:00,391.9700,392.0000,391.7000,392.0000,117
2024-07-01,18:00:00,391.9700,392.4300,391.7000,392.0000,339
2024-07-01,17:45:00,391.7000,392.1400,391.7000,391.9700,270
2024-07-01,17:30:00,391.9800,392.4800,391.7000,392.4800,160
2024-07-01,17:15:00,392.1500,392.5500,391.7000,392.1200,286
2024-07-01,17:00:00,392.0600,392.5500,391.9060,392.5500,262
2024-07-01,16:45:00,392.1000,392.5400,391.7000,392.1200,403
2024-07-01,16:30:00,392.0300,392.5500,391.3980,392.0000,11712
2024-07-01,16:15:00,391.7500,392.5500,390.0000,392.5500,61097
2024-07-01,16:00:00,392.1500,392.6000,390.3500,391.7500,773391
2024-07-01,15:45:00,391.1300,392.7400,390.8800,392.1500,244215
2024-07-01,15:30:00,391.4750,391.9900,390.9400,391.0500,73752
2024-07-01,15:15:00,391.4800,391.8600,390.8000,391.4800,78215
2024-07-01,15:00:00,388.9900,391.8200,388.6500,391.5000,113515
2024-07-01,14:45:00,389.1850,389.8800,388.2100,389.0700,96004
2024-07-01,14:30:00,389.6000,389.7000,388.9100,389.2050,48035
2024-07-01,14:15:00,389.0800,389.9550,389.0800,389.7000,53123
2024-07-01,14:00:00,389.6800,389.8400,388.6300,389.0800,84620
2024-07-01,13:45:00,389.8400,390.2300,389.5900,390.0500,37110
2024-07-01,13:30:00,389.9550,390.6400,389.6700,389.9300,53197
2024-07-01,13:15:00,388.8200,390.1000,388.6600,389.9550,80646
2024-07-01,13:00:00,388.7700,389.0000,387.9900,388.9000,33777
2024-07-01,12:45:00,388.6800,389.7800,388.2200,388.7700,48843
2024-07-01,12:30:00,389.8100,389.8500,388.4300,388.7650,51705
2024-07-01,12:15:00,388.7500,389.6870,388.4000,389.6870,88482
2024-07-01,12:00:00,388.6300,389.0800,387.8040,388.7150,89920
2024-07-01,11:45:00,387.0500,388.8200,386.8000,388.6600,98557
2024-07-01,11:30:00,385.5600,388.0000,385.0900,386.8150,136191
2024-07-01,11:15:00,385.3060,385.9400,384.2600,385.6800,56998
2024-07-01,11:00:00,383.6100,385.4500,382.8200,385.4500,55305
2024-07-01,10:45:00,384.8800,385.7700,383.2800,383.6000,109815
2024-07-01,10:30:00,385.4900,385.8000,383.8800,384.9500,72581
2024-07-01,10:15:00,380.6200,385.4800,380.6000,385.2650,99671
2024-07-01,10:00:00,380.8100,384.0000,380.2600,380.6850,99405
2024-07-01,09:45:00,382.0200,382.1000,378.7400,380.7600,102950
2024-07-01,09:30:00,385.2800,385.7390,377.9200,382.1600,269128
2024-07-01,09:15:00,384.2000,385.4700,383.5000,385.1600,1071
2024-07-01,09:00:00,384.9400,385.2500,384.0800,384.2000,2717
2024-07-01,08:45:00,384.5700,385.1000,384.2100,384.8800,932
2024-07-01,08:30:00,384.9400,388.6100,384.2000,384.6000,595
2024-07-01,08:15:00,383.9820,386.2000,383.1900,385.4900,1349
2024-07-01,08:00:00,384.0000,386.4600,381.3000,384.7400,1775
2024-07-01,07:45:00,384.3000,384.4600,383.7600,384.4600,118
2024-07-01,07:30:00,383.7500,384.4600,383.7500,384.1600,383
2024-07-01,07:15:00,383.0500,384.0000,383.0500,383.9600,690
2024-07-01,07:00:00,382.8600,383.3000,382.4500,383.0300,343
2024-07-01,06:45:00,382.9500,382.9500,382.4000,382.4500,11
2024-07-01,06:30:00,382.4000,382.4200,382.4000,382.4200,6
2024-07-01,06:15:00,382.1700,382.4000,382.1400,382.4000,36
2024-07-01,06:00:00,382.3500,382.5500,382.1000,382.1200,72
2024-07-01,05:45:00,382.0500,382.4300,382.0000,382.3500,25
2024-07-01,05:30:00,382.0000,382.4500,382.0000,382.4300,49
2024-07-01,05:15:00,381.9100,382.2900,381.9100,382.2900,2
2024-07-01,05:00:00,382.1200,382.1200,381.4000,381.4000,16
2024-07-01,04:45:00,382.0700,382.3100,382.0700,382.3100,29
2024-07-01,04:30:00,382.4300,382.6500,382.0000,382.0700,288
2024-07-01,04:15:00,382.5100,382.5100,382.0700,382.0700,228
2024-07-01,04:00:00,383.1900,383.9800,381.2100,382.5000,861
